date,api_endpoint,count,avg_p_time
"2025-01-01","api/pusher/webhooks/","417874","187997.30700000018"
"2025-01-01","api/app/memo/read-all","399634","160975.48900000003"
"2025-01-01","api/memo/send","107385","117815.02099999994"
"2025-01-01","api/ring-up/streamrtc/end","111704","89952.95099999988"
"2025-01-01","api/employee/check-pin","161126","71912.07800000002"
"2025-01-01","api/app/employee/chat/chats-list","140173","58955.22799999999"
"2025-01-01","api/app/employee/ring-up/status","372127","43016.735000000015"
"2025-01-01","api/employee/employees-with-guests","143725","38260.65899999999"
"2025-01-01","api/app/guest/chat","303278","38100.77200000001"
"2025-01-01","api/app/guests-by-trainee","151715","37840.56100000001"
"2025-01-01","api/app/employee/schedule/calendar-events","101879","31524.180000000008"
"2025-01-01","api/app/employee/keep-alive","51001","27654.49699999998"
"2025-01-01","api/app/guest/terms/v2","152633","26960.57100000001"
"2025-01-01","api/employee/ring-up/start","65413","25059.656999999967"
"2025-01-01","api/tele-link-ring-up/direct-link-ring-up","110149","21554.274999999983"
"2025-01-01","api/employee/ring-up/status","286575","21334.246000000046"
"2025-01-01","api/tele-link-ring-up/direct-link-dial","84696","20421.424000000014"
"2025-01-01","api/app/employees-by-guest","192864","20287.608999999982"
"2025-01-01","api/employee/keep-alive","139722","20261.87699999967"
"2025-01-01","api/ring-up/streamrtc/","209970","19655.0219999999"
"2025-01-01","api/near-by-pay/get-token","9303","18014.17999999999"
"2025-01-01","api/ring-up/streamrtc/checkin","377300","17050.227000000054"
"2025-01-01","api/tele-link-ring-up/get-voice-credits","14195","15264.536000000006"
"2025-01-01","api/app/employee/check-identifier-new","86320","14996.237999999996"
"2025-01-01","api/employee/check-identifier","87875","14423.50900000001"
"2025-01-01","api/app/gallery/list/","116617","13518.463000000002"
"2025-01-01","api/app/save-gcm-token","115504","12743.664999999994"
"2025-01-01","api/station/check","377821","11632.38800000002"
"2025-01-01","api/guest/keep-alive","149849","11452.495000000008"
"2025-01-01","api/employee/save-photo","49236","11316.975999999988"
"2025-01-01","api/app/schedules/scheduled","228833","10949.49600000001"
"2025-01-01","api/employee/thread/631141","126944","10844.00000000001"
"2025-01-01","api/near-by-pay/callback/confirmation","7143","10843.706999999995"
"2025-01-01","api/ring-up/streamrtc/start","51821","10693.187999999991"
"2025-01-01","api/app/refetch-session/v2","253207","10007.389"
"2025-01-01","api/bank/available","247220","9861.725999999891"
"2025-01-01","api/memo/invite","22822","9362.735999999994"
"2025-01-01","api/trainee/pusher-auth/","189359","7077.869999999993"
"2025-01-01","api/app/banks/","4963","7023.742999999993"
"2025-01-01","api/tele-link-ring-up/direct-link-join-ring-up","33501","6775.836000000003"
"2025-01-01","api/tele-link-ring-up/is-connected","133268","6317.12299999999"
"2025-01-01","api/memo/init","107116","6062.868000000005"
"2025-01-01","api/argus/get-recording","97514","5894.739"
"2025-01-01","api/app/employee/documents","5862","5403.431999999995"
"2025-01-01","api/tele-link-ring-up/get-ring-up-cost","45691","5379.130999999997"
"2025-01-01","api/app/banks","3839","5351.0769999999975"
"2025-01-01","api/ring-up/ring-up-duration","86026","5259.153000000002"
"2025-01-01","api/app/guest/pusher-auth/","126742","5132.2229999999945"
"2025-01-01","api/employee/get-balance","75325","5039.916000000002"
"2025-01-01","api/employee/get-ring-up-dialog","44957","4967.742999999997"
"2025-01-01","api/data-table/ring-ups/admin-playback","3944","4702.292000000001"
"2025-01-01","api/app/employee/tele-link-ring-up/is-connected","94536","4543.034000000005"
"2025-01-01","api/app/guest/ring-up/connect","17151","4531.452000000004"
"2025-01-01","api/app/schedules/select","15897","4304.822999999996"
"2025-01-01","api/employee/get-notifications","22922","4228.109"
"2025-01-01","api/app/trainee/check-buttons-availability","83012","4198.296000000002"
"2025-01-01","api/app/employee/card-request-submission-view-new","4929","4060.379999999999"
"2025-01-01","api/app/guest/pusher-auth","131140","4039.4279999999985"
"2025-01-01","api/employee/remind-im-online","32071","3852.317999999997"
"2025-01-01","api/employee/tele-link_keep-alive","99051","3815.923000000016"
"2025-01-01","api/app/employee/text-behind/dimi","91354","3778.7099999999987"
"2025-01-01","api/app/guest/ring-up/status","42829","3701.9499999999957"
"2025-01-01","api/app/login/","19762","3612.395000000001"
"2025-01-01","api/app/tele-link-ring-up/get-ring-up-cost","41484","3460.055000000004"
"2025-01-01","api/ring-ups/in-progress","35119","3438.1089999999986"
"2025-01-01","api/app/employee/text-behind/list","81322","3284.177999999999"
"2025-01-01","api/employee/ring-up/settings","44579","3188.3410000000017"
"2025-01-01","api/app/trainee/get-balance","88966","3001.0210000000015"
"2025-01-01","api/app/employee/card-request-submissions","12782","2854.112999999999"
"2025-01-01","api/tele-link-ring-up/","49966","2663.917999999999"
"2025-01-01","api/app/guest/ring-up/ringing-started","41690","2621.308999999999"
"2025-01-01","api/guest/ring-up/connect","10287","2606.055000000002"
"2025-01-01","api/guest/ring-up/cancel","13502","2429.953000000002"
"2025-01-01","api/ring-up/streamrtc/grant-direct-link-access","34129","2277.609999999998"
"2025-01-02","employee/login/","4646057","1233688.9039999724"
"2025-01-02","api/pusher/webhooks/","422394","201164.903"
"2025-01-02","api/app/memo/read-all","376731","153847.35800000004"
"2025-01-02","api/memo/send","103145","119090.31399999997"
"2025-01-02","api/ring-up/streamrtc/end","107882","85578.23799999995"
"2025-01-02","employee/","132356","78486.17799999996"
"2025-01-02","api/employee/check-pin","164993","75610.336"
"2025-01-02","api/app/employee/chat/chats_list","134017","54451.267"
"2025-01-02","api/employee/employees-with-guests","143496","39679.575000000004"
"2025-01-02","api/app/guest/chat","298018","37870.28299999998"
"2025-01-02","api/app/employee/ring-up/status","314569","37424.92900000001"
"2025-01-02","api/app/guests-by-trainee","150267","37219.27400000007"
"2025-01-02","api/app/employee/schedule/calendarEvents","105537","33687.060000000005"
"2025-01-02","api/app/employee/keep-alive","54081","28697.198000000004"
"2025-01-02","api/app/guest/terms/v2","150949","27287.288"
"2025-01-02","api/employee/ring-up/start","62057","24440.454000000005"
"2025-01-02","account/logout","2206017","24011.618000000468"
"2025-01-02","api/tele-link-call/hangup-direct-link-call","108520","22057.812000000027"
"2025-01-02","api/employee/ring-up/status","279678","21536.71400000006"
"2025-01-02","api/employee/keep-alive","139954","21110.683999999856"
"2025-01-02","api/app/employees-by-guest","195422","21067.98099999999"
"2025-01-02","api/tele-link-call/direct-link-dial","84602","20186.55299999998"
"2025-01-02","api/near-by-pay/get-token","9573","19136.610999999986"
"2025-01-02","api/ring-up/streamrtc/","206498","18686.899999999932"
"2025-01-02","api/tele-link-call/get-voice-credits","15792","17067.28500000002"
"2025-01-02","api/ring-up/streamrtc/checkin","342084","15871.92800000004"
"2025-01-02","api/employee/check-identifier","92352","15601.982999999995"
"2025-01-02","api/app/employee/check-identifier-new","85758","15260.960000000003"
"2025-01-02","api/guest/keep-alive","156156","13317.368000000002"
"2025-01-02","api/app/gallery/list/","109184","13048.536999999986"
"2025-01-02","api/app/save-gcm-token","114172","12879.43700000001"
"2025-01-02","api/app/refetch-session/v2","256262","12426.08099999998"
"2025-01-02","api/station/check","368252","11513.885000000015"
"2025-01-02","api/employee/thread/631141","130747","11454.423000000003"
"2025-01-02","api/app/schedules/scheduled","232236","11441.087000000023"
"2025-01-02","api/employee/save-photo","51203","11247.134000000002"
"2025-01-02","api/trainee/pusher-auth/","287590","11179.331999999982"
"2025-01-02","api/near-by-pay/callback/confirmation","7186","11008.627999999979"
"2025-01-02","api/ring-up/streamrtc/start","48516","10516.155999999997"
"2025-01-02","api/bank/available","246946","10311.88199999988"
"2025-01-02","api/data-table/calls/admin_playback","10420","9801.33"
"2025-01-02","api/ring-up/call-duration","138436","8838.926"
"2025-01-02","api/memo/invite","26436","7306.658000000005"
"2025-01-02","api/ring-up/in-progress","63125","7167.410999999995"
"2025-01-02","api/tele-link-call/direct-link-join-call","34583","7144.561999999996"
"2025-01-02","operator/employee-card-request-submissions-view","7089","7061.839999999996"
"2025-01-02","api/tele-link-call/is-connected","135570","6764.612999999983"
"2025-01-02","api/app/banks/","4653","6759.373"
"2025-01-02","api/memo/init","102917","5985.963"
"2025-01-02","api/app/banks","4196","5850.846999999999"
"2025-01-02","api/tele-link-call/get-call-cost","48055","5824.561999999996"
"2025-01-02","api/app/employee/card-request-form-submission-view-new","6815","5659.111999999998"
"2025-01-02","api/app/schedules/select","20225","5480.520999999996"
"2025-01-02","api/argus/get_recording","84891","5400.756000000001"
"2025-01-02","api/app/guest/pusher-auth/","124037","5214.664999999997"
"2025-01-02","api/employee/get_balance","73477","4963.224000000002"
"2025-01-02","api/employee/get_ring_up_dialog","43507","4865.984000000003"
"2025-01-02","api/app/employee/tele-link-call/is-connected","94311","4659.919000000011"
"2025-01-02","api/app/employee/form-submissions","16681","4471.363000000001"
"2025-01-02","api/app/guest/ring-up/connect","16083","4450.992000000001"
"2025-01-02","api/app/employee/documents","5986","4333.494999999997"
"2025-01-02","api/app/trainee/check-buttons-availability","82731","4309.571000000002"
"2025-01-02","api/employee/get_notifications","23181","4303.295"
"2025-01-02","api/app/guest/pusher-auth","131531","4204.914999999994"
"2025-01-02","api/data-table/operator/employees","9452","3998.494"
"2025-01-02","operator/forms","8653","3988.5309999999986"
"2025-01-02","api/employee/tele-link_keep-alive","97508","3856.295000000015"
"2025-01-02","api/app/guest/ring-up/status","41359","3816.6759999999977"
"2025-01-02","api/app/employee/text-behind/dimi","91185","3810.8879999999954"
"2025-01-02","api/employee/remind-im-online","30149","3702.769000000003"
"2025-01-02","api/app/login/","18924","3647.8430000000003"
"2025-01-02","media/pickup/video.mp4","35704","3522.010000000001"
"2025-01-02","api/smart-booth/instant-connect-cloud","1440","3494.616999999999"
"2025-01-02","api/app/tele-link-call/get-call-cost","39350","3382.1450000000013"
"2025-01-02","api/app/employee/text-behind/list","81055","3374.3899999999985"
"2025-01-02","api/employee/ring-up/settings","43630","3282.896"
"2025-01-02","api/app/trainee/get_balance","88709","3169.1609999999987"
"2025-01-02","api/data-table/admin/manage/guests","38414","3165.667000000002"
"2025-01-03","employee/login/","4628388","1215768.760999979"
"2025-01-03","api/pusher/webhooks/","427939","201087.64200000002"
"2025-01-03","api/app/memo/read-all","373423","149985.86799999996"
"2025-01-03","api/memo/send","106169","113310.63999999998"
"2025-01-03","api/ring-up/streamrtc/end","110897","88262.03499999997"
"2025-01-03","employee/","123009","75496.74199999984"
"2025-01-03","api/employee/check-pin","166328","75257.84500000004"
"2025-01-03","api/app/employee/chat/chats_list","139451","56278.13599999999"
"2025-01-03","api/employee/employees-with-guests","145180","39833.77599999997"
"2025-01-03","api/app/employee/ring-up/status","335362","39734.651999999995"
"2025-01-03","api/app/guest/chat","304164","38164.01800000002"
"2025-01-03","api/app/guests-by-trainee","156039","37774.131999999954"
"2025-01-03","api/app/employee/schedule/calendarEvents","105298","33853.30899999998"
"2025-01-03","api/app/employee/keep-alive","52966","28884.142000000025"
"2025-01-03","api/app/guest/terms/v2","155513","27547.365000000038"
"2025-01-03","api/employee/ring-up/start","63445","25533.903"
"2025-01-03","account/logout","2203006","24314.008000000493"
"2025-01-03","api/tele-link-call/hangup-direct-link-call","111019","22826.68400000003"
"2025-01-03","api/app/employees-by-guest","202304","21827.16300000002"
"2025-01-03","api/near-by-pay/get-token","10823","21592.662000000008"
"2025-01-03","api/tele-link-call/direct-link-dial","87327","20995.112999999987"
"2025-01-03","api/employee/keep-alive","138731","20545.81899999985"
"2025-01-03","api/employee/ring-up/status","262415","20432.621000000065"
"2025-01-03","api/ring-up/streamrtc/","208454","19041.52399999993"
"2025-01-03","api/tele-link-call/get-voice-credits","16175","17556.62499999998"
"2025-01-03","api/ring-up/streamrtc/checkin","352098","16328.726000000048"
"2025-01-03","api/app/employee/check-identifier-new","92229","15556.001999999995"
"2025-01-03","api/employee/check-identifier","91967","15516.213999999984"
"2025-01-03","api/app/gallery/list/","114307","13525.528999999999"
"2025-01-03","api/app/save-gcm-token","117834","13370.526000000022"
"2025-01-03","api/near-by-pay/callback/confirmation","8212","12599.524000000018"
"2025-01-03","api/ring-up/streamrtc/start","51104","12492.657999999996"
"2025-01-03","api/guest/keep-alive","149629","12268.491000000027"
"2025-01-03","api/station/check","383468","11990.670000000018"
"2025-01-03","api/app/schedules/scheduled","237367","11843.724999999995"
"2025-01-03","api/app/refetch-session/v2","250258","11681.763000000024"
"2025-01-03","api/employee/thread/631141","129460","11332.785000000014"
"2025-01-03","api/employee/save-photo","49697","11052.465999999999"
"2025-01-03","api/trainee/pusher-auth/","272231","10488.406999999992"
"2025-01-03","api/bank/available","249567","10294.470999999883"
"2025-01-03","api/memo/invite","22430","9401.516000000003"
"2025-01-03","api/tele-link-call/direct-link-join-call","36410","7813.548000000004"
"2025-01-03","api/ring-up/call-duration","118583","7473.667000000002"
"2025-01-03","api/data-table/calls/admin_playback","9796","7389.338999999998"
"2025-01-03","api/app/banks/","4961","7134.393999999999"
"2025-01-03","api/tele-link-call/is-connected","137589","6689.665999999975"
"2025-01-03","api/ring-up/in-progress","58756","6637.1519999999955"
"2025-01-03","api/smart-booth/instant-connect-cloud","1440","6358.019999999997"
"2025-01-03","api/app/banks","4512","6285.065000000004"
"2025-01-03","api/memo/init","105994","6199.7990000000045"
"2025-01-03","api/app/schedules/select","21729","6047.647999999997"
"2025-01-03","api/tele-link-call/get-call-cost","49284","5896.789999999995"
"2025-01-03","api/argus/get_recording","92533","5869.037999999999"
"2025-01-03","operator/employee-form-submissions-view","6011","5855.515999999998"
"2025-01-03","api/app/employee/card-request-submission-view-new","6546","5491.816000000001"
"2025-01-03","api/app/guest/pusher-auth/","129038","5369.481999999996"
"2025-01-03","api/employee/get_balance","75305","5064.2150000000065"
"2025-01-03","api/app/guest/ring-up/connect","16811","5036.0740000000005"
"2025-01-03","api/employee/get_call_dialog","44018","4934.893"
"2025-01-03","operator/forms","7813","4729.833999999996"
"2025-01-03","api/app/employee/tele-link-call/is-connected","91946","4461.649999999999"
"2025-01-03","api/app/trainee/check-buttons-availability","84871","4445.2660000000005"
"2025-01-03","api/app/guest/pusher-auth","135752","4332.441"
"2025-01-03","api/app/employee/card-request-submissions","16137","4238.4249999999965"
"2025-01-03","api/employee/get_notifications","22104","4202.25"
"2025-01-03","api/app/employee/documents","5938","3943.8420000000024"
"2025-01-03","api/app/employee/text-behind/dimi","93368","3875.241000000001"
"2025-01-03","api/employee/remind-im-online","30877","3864.939"
"2025-01-03","api/app/login/","19712","3737.7300000000023"
"2025-01-03","api/employee/tele-link_keep-alive","90918","3570.05500000001"
"2025-01-03","api/data-table/admin/manage/guests","370","3517.658999999999"
"2025-01-03","api/app/tele-link-call/get-call-cost","41034","3496.6700000000023"
"2025-01-03","api/app/guest/ring-up/status","38197","3470.731999999998"
"2025-01-03","api/app/employee/text-behind/list","83316","3443.8319999999994"
"2025-01-03","api/data-table/operator/employees","8027","3363.797"
"2025-01-03","media/pickup/video.mp4","33447","3336.984000000002"
"2025-01-03","api/app/trainee/get_balance","90882","3251.4329999999995"
"2025-01-03","api/employee/recharge","95399","3091.452"
"2025-01-03","api/app/employee/publish","53895","2893.836000000001"
"2025-01-04","api/employee/login/","4639750","1217237.2509999722"
"2025-01-04","api/pusher/webhooks/","409593","187529.21400000004"
"2025-01-04","api/app/memo/read-all","374416","148543.36299999998"
"2025-01-04","api/memo/send","103299","108694.37600000002"
"2025-01-04","api/ring-up/streamrtc/end","109180","85764.87700000004"
"2025-01-04","api/employee/check-pin","155671","69915.11399999991"
"2025-01-04","api/employee/","113945","68939.50400000002"
"2025-01-04","api/app/employee/chat/chats_list","130251","53451.06400000002"
"2025-01-04","api/app/employee/ring-up/status","347210","40152.88200000003"
"2025-01-04","api/employee/employee-with-guests","142496","37358.70100000002"
"2025-01-04","api/app/guest/chat","290153","36202.626000000004"
"2025-01-04","api/app/guests-by-trainee","141919","34847.100999999995"
"2025-01-04","api/app/employee/schedule/calendarEvents","98809","30403.895"
"2025-01-04","api/app/guest/terms/v2","149123","26296.927000000025"
"2025-01-04","api/app/employee/keep-alive","49397","25309.71"
"2025-01-04","account/logout","2214060","24263.923000000443"
"2025-01-04","api/employee/ring-up/start","62939","23600.22300000002"
"2025-01-04","api/employee/ring-up/status","282064","21250.455000000034"
"2025-01-04","api/tele-link-call/hangup-direct-link-call","103042","20349.670000000024"
"2025-01-04","api/employee/keep-alive","138371","20322.501999999782"
"2025-01-04","api/app/employees-by-guest","188509","19941.16599999999"
"2025-01-04","api/tele-link-call/direct-link-dial","80278","19151.476999999973"
"2025-01-04","api/ring-up/streamrtc/","211368","18642.386999999944"
"2025-01-04","api/near-by-pay/get-token","9171","17397.802"
"2025-01-04","api/ring-up/streamrtc/checkin","362628","16540.75000000004"
"2025-01-04","api/tele-link-call/get-voice-credits","13772","14865.86500000001"
"2025-01-04","api/app/employee/check-identifier-new","84665","14592.875000000004"
"2025-01-04","api/employee/check-identifier","85230","14273.641999999994"
"2025-01-04","api/app/gallery/list/","109201","12751.071999999995"
"2025-01-04","api/app/save-gcm-token","113829","12601.355000000003"
"2025-01-04","api/guest/keep-alive","148082","12053.518000000015"
"2025-01-04","api/app/schedules/scheduled","223665","10862.472000000002"
"2025-01-04","api/trainee/pusher-auth/","285384","10804.529999999982"
"2025-01-04","api/station/check","352062","10667.277000000002"
"2025-01-04","api/employee/save-photo","45951","10610.910999999995"
"2025-01-04","api/near-by-pay/callback/confirmation","6926","10572.750000000007"
"2025-01-04","api/ring-up/streamrtc/start","50306","10550.854000000003"
"2025-01-04","api/employee/thread/631141","121240","10363.113000000001"
"2025-01-04","api/app/refetch-session/v2","239776","10148.977000000003"
"2025-01-04","api/bank/available","247054","10112.657999999881"
"2025-01-04","api/memo/invite","20897","8507.246999999994"
"2025-01-04","api/app/banks/","4929","6966.183999999998"
"2025-01-04","api/argus/get_recording","109215","6484.329000000007"
"2025-01-04","api/tele-link-call/direct-link-join-call","31824","6451.724000000008"
"2025-01-04","api/tele-link-call/is-connected","132976","6415.097999999986"
"2025-01-04","api/memo/init","103023","5936.842999999996"
"2025-01-04","api/ring-up/ring-up-duration","95029","5842.284999999997"
"2025-01-04","api/app/guest/pusher-auth/","124551","5162.740999999995"
"2025-01-04","api/tele-link-call/get-call-cost","44266","5151.377000000004"
"2025-01-04","api/app/banks","3657","4998.182999999999"
"2025-01-04","api/employee/get_balance","73024","4925.820999999997"
"2025-01-04","api/app/schedules/select","17923","4756.350000000001"
"2025-01-04","api/employee/get_call_dialog","43131","4741.307000000001"
"2025-01-04","api/app/guest/call/connect","16756","4480.630999999999"
"2025-01-04","api/smart-booth/instant-connect-cloud","1440","4471.165000000002"
"2025-01-04","api/app/employee/tele-link-call/is-connected","89701","4271.78200000002"
"2025-01-04","api/employee/get_notifications","22539","4247.712000000002"
"2025-01-04","api/app/trainee/check-buttons-availability","80562","4103.165999999998"
"2025-01-04","api/data-table/calls/admin_playback","4085","4009.955000000003"
"2025-01-04","api/app/guest/pusher-auth","126850","3865.0889999999963"
"2025-01-04","api/employee/tele-link_heartbeat","98123","3842.1670000000217"
"2025-01-04","api/ring-up/in-progress","38744","3837.9170000000004"
"2025-01-04","api/app/guest/call/status","41063","3620.6709999999944"
"2025-01-04","api/employee/remind-im-online","29665","3620.546"
"2025-01-04","api/app/employee/text-behind/dimi","88728","3605.523"
"2025-01-04","api/app/login/","18772","3570.223000000001"
"2025-01-04","api/app/employee/card-request-submission-view-new","4036","3324.434999999999"
"2025-01-04","api/app/employee/documents","4975","3277.0359999999964"
"2025-01-04","api/app/tele-link-call/get-call-cost","38596","3275.047"
"2025-01-04","api/app/employee/text-behind/list","78543","3204.4899999999993"
"2025-01-04","api/employee/ring-up/settings","42919","3074.843999999999"
"2025-01-04","operator/employee-form-submissions-view","3094","3000.766000000001"
"2025-01-04","api/trainee/get-jail-tracker-balance","1162","2996.3110000000006"
"2025-01-04","media/pickup/video.mp4","30452","2973.591999999999"
"2025-01-04","api/app/trainee/get_balance","86718","2955.0359999999955"
"2025-01-04","account/login","46218","2858.420000000002"
"2025-01-04","api/guest/call/connect","10102","2610.0139999999997"
"2025-01-04","api/employee/get-verification-status","80356","2570.394999999999"
"2025-01-05","api/pusher/webhooks/","399953","188127.1019999999"
"2025-01-05","api/app/memo/read-all","356273","142444.5320000001"
"2025-01-05","api/memo/send","100406","108982.54600000003"
"2025-01-05","api/ring-up/streamrtc/end","112444","88794.57700000002"
"2025-01-05","api/employee/check-pin","156544","70529.10799999996"
"2025-01-05","api/app/employee/chat/chats-list","129593","53492.210999999974"
"2025-01-05","api/app/employee/ring-up/status","354872","41047.328999999954"
"2025-01-05","api/employee/employees-with-guests","138364","38638.73899999995"
"2025-01-05","api/app/guests-by-trainee","144549","36272.76500000003"
"2025-01-05","api/app/guest/chat","288744","35949.05099999998"
"2025-01-05","api/app/employee/schedule/calendar-events","96353","29871.41999999999"
"2025-01-05","api/app/guest/terms/v2","148914","26484.976000000002"
"2025-01-05","api/employee/ring-up/start","65867","25542.560000000012"
"2025-01-05","api/app/employee/keep-alive","50561","24711.729"
"2025-01-05","api/employee/keep-alive","136763","22971.358999999833"
"2025-01-05","api/employee/ring-up/status","296066","21967.382000000063"
"2025-01-05","api/ring-up/streamrtc/","209815","21237.457999999915"
"2025-01-05","api/tele-link-ring-up/hangup-direct-link-ring-up","105073","20690.817"
"2025-01-05","api/app/employees-by-guest","187769","19750.390000000003"
"2025-01-05","api/tele-link-ring-up/direct-link-dial","82295","19668.821000000025"
"2025-01-05","api/near-by-pay/get-token","8499","16317.381000000016"
"2025-01-05","api/ring-up/streamrtc/checkin","355407","16180.155000000068"
"2025-01-05","api/tele-link-ring-up/get-voice-credits","14456","15447.344000000005"
"2025-01-05","api/app/employee/check-identifier-new","84852","14710.670999999988"
"2025-01-05","api/employee/check-identifier","85296","14232.200999999995"
"2025-01-05","api/app/refetch-session/v2","260271","13544.444000000025"
"2025-01-05","api/app/gallery/list/","107055","12483.57399999999"
"2025-01-05","api/app/save-gcm-token","112898","12329.276000000002"
"2025-01-05","api/guest/keep-alive","151105","12011.089"
"2025-01-05","api/app/schedules/scheduled","227639","11031.219999999998"
"2025-01-05","api/ring-up/streamrtc/start","52267","10823.736000000006"
"2025-01-05","api/station/check","353626","10814.34200000001"
"2025-01-05","api/employee/save-photo","46375","10772.263999999997"
"2025-01-05","api/employee/thread/631141","119624","10309.950000000006"
"2025-01-05","api/near-by-pay/callback/confirmation","6609","10139.898999999985"
"2025-01-05","api/bank/available","236498","9584.909999999918"
"2025-01-05","api/trainee/pusher-auth/","196056","7437.275999999986"
"2025-01-05","api/app/banks/","5005","7029.67200000001"
"2025-01-05","api/tele-link-ring-up/direct-link-join-ring-up","33042","6729.316999999996"
"2025-01-05","api/tele-link-ring-up/is-connected","136982","6483.278999999984"
"2025-01-05","api/memo/init","100179","5768.271999999997"
"2025-01-05","api/argus/get-recording","90762","5744.2350000000015"
"2025-01-05","api/tele-link-ring-up/get-ring-up-cost","44359","5238.086000000004"
"2025-01-05","api/employee/get-ring-up-dialog","45899","5100.561000000002"
"2025-01-05","api/app/guest/pusher-auth/","121802","4967.249000000007"
"2025-01-05","api/employee/get-balance","74961","4935.486999999996"
"2025-01-05","api/app/banks","3396","4702.055"
"2025-01-05","api/app/employee/tele-link-ring-up/is-connected","102105","4668.662000000005"
"2025-01-05","api/app/guest/ring-up/connect","17251","4585.465000000005"
"2025-01-05","api/smart-booth/instant-connect-cloud","1435","4550.837999999998"
"2025-01-05","api/ring-up/ring-up-duration","71413","4410.576"
"2025-01-05","api/employee/get-notifications","23240","4289.605"
"2025-01-05","api/app/trainee/check-buttons-availability","81081","4120.457999999996"
"2025-01-05","api/app/guest/pusher-auth","130225","4105.409999999998"
"2025-01-05","api/ring-up/in-progress","39605","3948.114999999999"
"2025-01-05","api/employee/tele-link_keep-alive","102157","3945.6500000000183"
"2025-01-05","api/data-table/admin/manage/guests","286","3769.7260000000015"
"2025-01-05","api/app/schedules/select","13457","3664.9529999999972"
"2025-01-05","api/app/employee/text-behind/dimi","88716","3663.1829999999973"
"2025-01-05","api/app/guest/ring-up/status","42713","3652.6369999999947"
"2025-01-05","api/employee/remind-im-online","29438","3566.949"
"2025-01-05","api/app/employee/card-request-submission-view-new","4240","3515.1199999999985"
"2025-01-05","api/app/tele-link-ring-up/get-ring-up-cost","41340","3397.7400000000043"
"2025-01-05","api/app/login/","18452","3368.2049999999977"
"2025-01-05","api/data-table/ring-ups/admin-playback","4156","3319.565000000002"
"2025-01-05","api/app/employee/documents","4970","3262.4439999999977"
"2025-01-05","api/app/employee/text-behind/list","78744","3221.588999999997"
"2025-01-05","api/employee/ring-up/settings","44742","3205.4590000000017"
"2025-01-05","api/app/trainee/get-balance","86847","3063.4369999999994"
"2025-01-05","api/app/employee/card-request-submissions","11019","2884.1300000000006"
"2025-01-05","api/tele-link-ring-up/","49430","2694.1920000000005"
"2025-01-05","api/guest/ring-up/connect","10422","2675.2430000000036"
"2025-01-05","api/app/guest/ring-up/ringing-started","40484","2526.2109999999984"
"2025-01-05","api/guest/next-time-slot","44081","2338.6670000000067"
"2025-01-05","api/guest/ring-up/cancel","12743","2323.501000000"  
"2025-01-06","api/pusher/webhooks/","415973","202095.4910000003"
"2025-01-06","api/app/memo/read-all","393644","160176.12399999978"
"2025-01-06","api/memo/send","103273","111015.49200000003"
"2025-01-06","api/ring-up/streamrtc/end","107111","85360.52999999994"
"2025-01-06","api/employee/check-pin","163267","74934.49999999997"
"2025-01-06","api/app/employee/chat/chats-list","135520","55703.810000000034"
"2025-01-06","api/app/employee/ring-up/status","335890","39603.57500000003"
"2025-01-06","api/app/guests-by-trainee","150379","38288.82200000001"
"2025-01-06","api/employee/employees-with-guests","139340","37355.95199999997"
"2025-01-06","api/app/guest/chat","290914","36793.866"
"2025-01-06","api/app/employee/schedule/calendar-events","103001","31985.619999999988"
"2025-01-06","api/app/employee/keep-alive","51598","27861.946000000007"
"2025-01-06","api/app/guest/terms/v2","150533","27040.185000000023"
"2025-01-06","api/employee/ring-up/start","61867","24685.377999999993"
"2025-01-06","api/employee/ring-up/status","283805","21887.283000000065"
"2025-01-06","api/tele-link-ring-up/hangup-direct-link-ring-up","106904","21767.011000000024"
"2025-01-06","api/app/employees-by-guest","192002","20698.21399999999"
"2025-01-06","api/tele-link-ring-up/direct-link-dial","84065","19997.609000000022"
"2025-01-06","api/employee/keep-alive","135361","19006.415999999856"
"2025-01-06","api/ring-up/streamrtc/","209169","17649.915999999932"
"2025-01-06","api/near-by-pay/get-token","8652","17113.903999999995"
"2025-01-06","api/tele-link-ring-up/get-voice-credits","15878","16917.282"
"2025-01-06","api/app/employee/check-identifier-new","91140","15605.75400000001"
"2025-01-06","api/ring-up/streamrtc/checkin","334440","15540.69600000004"
"2025-01-06","api/employee/check-identifier","89278","15190.740999999996"
"2025-01-06","api/app/gallery/list/","110659","13133.031"
"2025-01-06","api/app/save-gcm-token","113220","12842.954999999996"
"2025-01-06","api/guest/keep-alive","152566","12480.569000000018"
"2025-01-06","api/station/check","370980","11704.601000000006"
"2025-01-06","api/app/schedules/scheduled","228533","11490.716000000008"
"2025-01-06","api/employee/thread/631141","126928","11129.880000000012"
"2025-01-06","api/employee/save-photo","47051","11058.503999999988"
"2025-01-06","api/trainee/pusher-auth/","268029","10361.030999999984"
"2025-01-06","api/ring-up/streamrtc/start","48551","10298.406000000008"
"2025-01-06","api/near-by-pay/callback/confirmation","6620","10232.421999999997"
"2025-01-06","api/app/refetch-session/v2","241414","9931.409000000003"
"2025-01-06","api/bank/available","240315","9726.784999999885"
"2025-01-06","api/memo/invite","20992","8831.627000000004"
"2025-01-06","api/tele-link-ring-up/direct-link-join-ring-up","34795","7197.380000000006"
"2025-01-06","api/tele-link-ring-up/is-connected","145614","7065.193999999976"
"2025-01-06","api/data-table/ring-up/admin-playback","9022","6753.636000000001"
"2025-01-06","api/ring-up/ring-up-duration","105798","6640.481999999994"
"2025-01-06","api/app/banks/","4548","6564.476000000005"
"2025-01-06","api/app/employee/card-request-submission-view-new","7237","6063.580999999995"
"2025-01-06","api/ring-up/in-progress","51046","5999.259000000002"
"2025-01-06","api/memo/init","103060","5972.981999999998"
"2025-01-06","api/tele-link-ring-up/get-ring-up-cost","47958","5706.347999999998"
"2025-01-06","api/app/banks","3765","5296.069999999994"
"2025-01-06","api/app/guest/pusher-auth/","125578","5230.159999999993"
"2025-01-06","api/employee/get-balance","73447","4961.739000000006"
"2025-01-06","api/app/schedules/select","17366","4807.182999999997"
"2025-01-06","api/smart-booth/instant-connect-cloud","1440","4766.444000000004"
"2025-01-06","api/employee/get-ring-up-dialog","41846","4735.220000000004"
"2025-01-06","api/app/employee/card-request-submissions","17627","4519.892000000001"
"2025-01-06","api/employee/get-notifications","24222","4425.748"
"2025-01-06","api/app/trainee/check-buttons-availability","83990","4392.081999999999"
"2025-01-06","api/app/employee/documents","5904","3934.107000000001"
"2025-01-06","api/app/employee/text-behind/dimi","92521","3838.645999999998"
"2025-01-06","api/employee/tele-link_keep-alive","99527","3837.01100000002"
"2025-01-06","api/app/guest/ring-up/connect","15971","4342.842"
"2025-01-06","api/app/guest/pusher-auth","131694","4328.986999999999"
"2025-01-06","api/app/employee/remind-im-online","30038","3727.5780000000027"
"2025-01-06","api/app/guest/ring-up/status","39888","3603.956999999995"
"2025-01-06","api/data-table/admin/manage/guests","371","3599.6719999999996"
"2025-01-06","api/trainee/get-jail-tracker-balance","1265","3585.490999999998"
"2025-01-06","api/app/employee/text-behind/list","82414","3499.1200000000003"
"2025-01-06","api/data-table/operator/employees","7890","3480.0150000000003"
"2025-01-06","api/app/tele-link-ring-up/get-ring-up-cost","40264","3412.306000000002"
"2025-01-06","api/app/trainee/get-balance","90108","3189.1929999999998"
"2025-01-06","api/employee/ring-up/settings","41556","3057.9180000000024"
"2025-01-06","api/tele-link-ring-up/","48227","2677.865"
"2025-01-07","api/employee/login/","4576962","1306310.318999977"
"2025-01-07","api/pusher/webhooks/","418656","209115.88099999994"
"2025-01-07","api/app/memo/read-all","390481","170912.59200000006"
"2025-01-07","api/memo/send","98583","108220.30999999997"
"2025-01-07","api/ring-up/streamrtc/end","109012","86017.66899999997"
"2025-01-07","api/employee/check-pin","167410","80661.15899999994"
"2025-01-07","api/app/employee/chat/chats-list","136089","62186.13600000003"
"2025-01-07","api/app/employee/ring-up/status","328572","41905.695999999996"
"2025-01-07","api/app/guests-by-trainee","150487","41027.05600000001"
"2025-01-07","api/employee/employees-with-guests","143684","40211.452999999994"
"2025-01-07","api/app/guest/chat","289218","39325.21899999999"
"2025-01-07","api/app/employee/schedule/calendar-events","103298","35373.13"
"2025-01-07","api/employee/ring-up/start","61905","31589.579999999998"
"2025-01-07","api/app/employee/keep-alive","55766","30550.249000000007"
"2025-01-07","api/app/guest/terms/v2","151014","27662.31100000004"
"2025-01-07","api/app/employees-by-guest","194915","22567.90500000001"
"2025-01-07","api/tele-link-ring-up/hangup-direct-link-ring-up","105689","22361.043000000034"
"2025-01-07","api/tele-link-ring-up/direct-link-dial","82775","22086.105000000007"
"2025-01-07","api/employee/keep-alive","137806","21795.109000000102"
"2025-01-07","api/employee/ring-up/status","258607","20854.93700000004"
"2025-01-07","api/near-by-pay/get-token","9464","19261.380999999994"
"2025-01-07","api/ring-up/streamrtc/","205805","17921.031999999923"
"2025-01-07","api/employee/check-identifier","91585","16906.735999999983"
"2025-01-07","api/app/employee/check-identifier-new","88315","16865.999999999993"
"2025-01-07","api/tele-link-ring-up/get-voice-credits","15622","16844.715000000026"
"2025-01-07","api/ring-up/streamrtc/checkin","339627","16723.21700000006"
"2025-01-07","api/app/save-gcm-token","113198","13761.523000000001"
"2025-01-07","api/app/gallery/list/","109283","13662.428000000002"
"2025-01-07","api/station/check","372987","12646.11500000003"
"2025-01-07","api/memo/invite","23677","12628.949999999997"
"2025-01-07","api/app/refetch-session/v2","247753","12612.134000000005"
"2025-01-07","api/app/schedules/scheduled","230743","12489.820000000002"
"2025-01-07","api/guest/keep-alive","146836","12447.247000000007"
"2025-01-07","api/trainee/pusher-auth/","284916","12047.847000000003"
"2025-01-07","api/employee/thread/631141","128211","11992.262999999997"
"2025-01-07","api/employee/save-photo","49442","11855.70299999999"
"2025-01-07","api/near-by-pay/callback/confirmation","7131","11222.169999999998"
"2025-01-07","api/bank/available","245009","10578.174999999861"
"2025-01-07","api/ring-up/streamrtc/start","49381","10543.689999999997"
"2025-01-07","api/data-table/ring-ups/admin-playback","10877","9189.639000000005"
"2025-01-07","api/ring-ups/in-progress","61691","8334.07"
"2025-01-07","api/tele-link-ring-up/direct-link-join-ring-up","34437","7296.961999999995"
"2025-01-07","api/app/banks/","4699","7193.820999999999"
"2025-01-07","api/tele-link-ring-up/get-ring-up-cost","46356","6997.601000000002"
"2025-01-07","api/tele-link-ring-up/is-connected","133748","6923.028999999971"
"2025-01-07","api/ring-up/ring-up-duration","94685","6473.652999999995"
"2025-01-07","api/memo/init","98404","6233.065000000004"
"2025-01-07","api/data-table/admin/manage/guests","523","5998.267"
"2025-01-07","api/app/banks","3992","5982.995000000001"
"2025-01-07","api/app/employee/card-request-submission-view-new","6864","5941.008000000002"
"2025-01-07","api/app/guest/pusher-auth/","130111","5860.238999999997"
"2025-01-07","api/app/schedules/select","19039","5456.440000000001"
"2025-01-07","api/employee/get-balance","73044","5344.502000000001"
"2025-01-07","api/argus/get-recording","79753","5254.606999999997"
"2025-01-07","api/employee/get-ring-up-dialog","42796","5190.3510000000015"
"2025-01-07","api/smart-booth/instant-connect-cloud","1441","5154.793000000001"
"2025-01-07","api/app/employee/documents","6408","5084.3859999999995"
"2025-01-07","api/app/employee/card-request-submissions","17578","4860.640000000004"
"2025-01-07","api/app/employee/tele-link-ring-up/is-connected","91600","4757.755"
"2025-01-07","api/app/trainee/check-buttons-availability","83674","4683.458999999998"
"2025-01-07","api/app/guest/pusher-auth","133346","4596.5199999999995"
"2025-01-07","api/app/guest/ring-up/connect","16147","4571.795999999998"
"2025-01-07","api/employee/get-notifications","22951","4439.079999999999"
"2025-01-07","api/app/login/","20233","4364.044999999998"
"2025-01-07","api/app/employee/text-behind/dimi","92577","4258.948999999997"
"2025-01-07","api/employee/remind-im-online","30217","3898.2620000000015"
"2025-01-07","api/data-table/operator/employees","8312","3866.714000000001"
"2025-01-07","api/app/tele-link-ring-up/get-ring-up-cost","39715","3804.0600000000013"
"2025-01-07","api/app/employee/text-behind/list","82666","3734.5499999999993"
"2025-01-07","api/employee/tele-link-keep-alive","89393","3715.347000000006"
"2025-01-07","api/app/guest/ring-up/status","37700","3606.9489999999987"
"2025-01-07","api/app/trainee/get-balance","89920","3365.3469999999998"
"2025-01-07","api/employee/ring-up/settings","42310","3341.5169999999994"
"2025-01-07","api/tele-link-ring-up/in-progress","46601","3203.342000000001"
"2025-01-07","api/tele-link-ring-up/","47675","2838.1379999999976"
"2025-01-08","api/employee/login/","4610377","1289143.4929999714"
"2025-01-08","api/pusher/webhooks/","417412","209944.88600000006"
"2025-01-08","api/app/memo/read-all","370729","159477.21899999987"
"2025-01-08","api/memo/send","104161","115334.19100000015"
"2025-01-08","api/ring-up/streamrtc/end","106160","84763.59600000002"
"2025-01-08","api/employee/check-pin","164350","80174.76299999998"
"2025-01-08","api/app/employee/chat/chats-list","138054","63830.744999999966"
"2025-01-08","api/app/employee/ring-up/status","331659","42402.633"
"2025-01-08","api/employee/employees-with-guests","144536","41406.42500000001"
"2025-01-08","api/app/guests-by-trainee","148381","40692.751"
"2025-01-08","api/app/guest/chat","297848","40474.46599999997"
"2025-01-08","api/app/employee/schedule/calendar-events","103166","35398.69400000001"
"2025-01-08","api/app/employee/keep-alive","55289","30848.75900000001"
"2025-01-08","api/employee/ring-up/start","60923","30706.334000000017"
"2025-01-08","api/app/guest/terms/v2","152215","28177.976000000002"
"2025-01-08","api/app/employees-by-guest","196136","22860.47599999998"
"2025-01-08","api/tele-link-ring-up/hangup-direct-link-ring-up","106844","22591.777"
"2025-01-08","api/tele-link-ring-up/direct-link-dial","83263","21511.196999999993"
"2025-01-08","api/employee/ring-up/status","260579","21497.389000000094"
"2025-01-08","api/employee/keep-alive","138467","21109.83399999997"
"2025-01-08","api/near-by-pay/get-token","9619","19330.610000000008"
"2025-01-08","api/ring-up/streamrtc/","202008","18087.942999999945"
"2025-01-08","api/employee/check-identifier","90714","16915.735"
"2025-01-08","api/ring-up/streamrtc/checkin","339919","16890.42700000004"
"2025-01-08","api/app/employee/check-identifier-new","88373","16832.115000000005"
"2025-01-08","api/tele-link-ring-up/get-voice-credits","15259","16466.74"
"2025-01-08","api/app/save-gcm-token","114994","14081.904999999984"
"2025-01-08","api/app/gallery/list/","112434","14067.910999999987"
"2025-01-08","api/station/check","369382","12822.24100000003"
"2025-01-08","api/app/schedules/scheduled","231964","12774.911000000015"
"2025-01-08","api/trainee/pusher-auth/","295989","12599.802999999994"
"2025-01-08","api/guest/keep-alive","144245","12501.058000000006"
"2025-01-08","api/employee/save-photo","49813","12002.253999999994"
"2025-01-08","api/employee/thread/631141","126558","11963.654999999988"
"2025-01-08","api/near-by-pay/callback/confirmation","7294","11552.675000000001"
"2025-01-08","api/memo/invite","24285","11180.661999999991"
"2025-01-08","api/ring-up/streamrtc/start","48891","11165.674000000006"
"2025-01-08","api/bank/available","248077","10834.224999999884"
"2025-01-08","api/app/refetch-session/v2","241773","10710.549999999988"
"2025-01-08","api/data-table/ring-ups/admin-playback","11733","10611.639000000001"
"2025-01-08","api/ring-up/ring-up-duration","117912","8213.860000000004"
"2025-01-08","api/ring-up/in-progress","62827","7590.327999999999"
"2025-01-08","api/tele-link-ring-up/direct-link-join-ring-up","34155","7371.220000000001"
"2025-01-08","api/app/banks/","4734","7335.997999999998"
"2025-01-08","api/tele-link-ring-up/is-connected","131084","6893.631999999984"
"2025-01-08","api/tele-link-ring-up/get-ring-up-cost","46559","6890.741"
"2025-01-08","api/memo/init","103977","6587.614999999999"
"2025-01-08","api/app/schedules/select","19855","6420.564000000004"
"2025-01-08","api/data-table/admin/manage/guests","620","6291.266999999999"
"2025-01-08","api/app/banks","4073","6138.132000000003"
"2025-01-08","api/smart-booth/instant-connect-cloud","1440","5448.983000000001"
"2025-01-08","api/argus/get-recording","79550","5428.614000000006"
"2025-01-08","api/employee/get-balance","73138","5426.875999999996"
"2025-01-08","api/employee/get-ring-up-dialog","42352","5155.540999999998"
"2025-01-08","api/app/employee/documents","6219","4998.747000000002"
"2025-01-08","api/app/employee/tele-link-ring-up/is-connected","91447","4803.555000000001"
"2025-01-08","api/app/guest/ring-up/connect","16214","4713.845999999996"
"2025-01-08","api/app/trainee/check-buttons-availability","83895","4713.04999999999"
"2025-01-08","api/app/employee/form-submissions","16967","4709.373999999999"
"2025-01-08","api/app/guest/pusher-auth","133230","4677.315999999996"
"2025-01-08","api/employee/get-notifications","22355","4379.811000000002"
"2025-01-08","api/app/employee/text-behind/dimi","92271","4259.455000000003"
"2025-01-08","api/app/login/","19689","4135.251000000006"
"2025-01-08","api/employee/remind-im-online","30966","4029.7889999999993"
"2025-01-08","api/data-table/operator/employees","8643","3950.683999999999"
"2025-01-08","api/app/tele-link-ring-up/get-ring-up-cost","39605","3883.436"
"2025-01-08","api/employee/tele-link_keep-alive","91617","3832.801000000011"
"2025-01-08","api/app/employee/text-behind/list","82235","3683.9310000000014"
"2025-01-08","api/trainee/get-jail-tracker-balance","1362","3591.0040000000013"
"2025-01-08","api/app/guest/ring-up/status","37345","3536.2339999999976"
"2025-01-08","api/app/trainee/get-balance","90133","3392.316999999998"
"2025-01-08","api/employee/ring-up/settings","41225","3284.673000000001"
"2025-01-09","api/pusher/webhooks/","426465","213901.2540000002"
"2025-01-09","api/app/memo/read-all","373256","163451.35899999997"
"2025-01-09","api/memo/send","104475","115389.59199999998"
"2025-01-09","api/ring-up/streamrtc/end","111583","88471.71999999999"
"2025-01-09","api/employee/check-pin","164686","81362.24100000002"
"2025-01-09","api/app/employee/chat/chats-list","132753","62235.28800000001"
"2025-01-09","api/app/employee/ring-up/status","324908","42388.376999999986"
"2025-01-09","api/app/guest/chat","304830","41893.658999999985"
"2025-01-09","api/employee/employees-with-guests","141278","41339.24"
"2025-01-09","api/app/guests-by-trainee","146943","40573.056000000004"
"2025-01-09","api/app/employee/schedule/calendar-events","104202","34122.62300000003"
"2025-01-09","api/employee/ring-up/start","63266","32291.98199999999"
"2025-01-09","api/near-by-pay/get-token","15903","31424.926999999996"
"2025-01-09","api/app/guest/terms/v2","156972","29819.347000000016"
"2025-01-09","api/app/employee/keep-alive","50211","27397.291"
"2025-01-09","api/app/employees-by-guest","206929","24597.151000000005"
"2025-01-09","api/employee/ring-up/status","272998","23367.537000000095"
"2025-01-09","api/employee/keep-alive","136447","22485.5769999998"
"2025-01-09","api/tele-link-ring-up/direct-link-ring-up","105081","22484.458000000006"
"2025-01-09","api/tele-link-ring-up/direct-link-dial","81937","21413.094000000012"
"2025-01-09","api/ring-up/streamrtc/","197147","18753.625999999964"
"2025-01-09","api/ring-up/streamrtc/checkin","347019","17561.280000000042"
"2025-01-09","api/employee/check-identifier","91142","17230.769999999997"
"2025-01-09","api/app/employee/check-identifier-new","87511","17024.331000000002"
"2025-01-09","api/tele-link-ring-up/get-voice-credits","15432","16803.544"
"2025-01-09","api/app/save-gcm-token","119415","14945.055999999995"
"2025-01-09","api/app/gallery/list/","109588","13742.233"
"2025-01-09","api/guest/keep-alive","148238","13470.524000000003"
"2025-01-09","api/ring-up/streamrtc/start","50147","13369.070999999996"
"2025-01-09","api/app/schedules/scheduled","239903","13345.917000000003"
"2025-01-09","api/trainee/pusher-auth/","302774","12991.217000000006"
"2025-01-09","api/employee/thread/631141","126617","12269.699999999993"
"2025-01-09","api/app/refetch-session/v2","245057","12259.359000000022"
"2025-01-09","api/station/check","363656","12185.06600000001"
"2025-01-09","api/near-by-pay/callback/confirmation","7432","11842.181000000004"
"2025-01-09","api/bank/available","242870","10864.783999999967"
"2025-01-09","api/employee/save-photo","48682","10501.024999999985"
"2025-01-09","api/ring-up/ring-up-duration","133946","9365.664999999995"
"2025-01-09","api/data-table/ring-ups/admin-playback","11565","9082.307999999999"
"2025-01-09","api/app/banks/","5000","7800.531"
"2025-01-09","api/tele-link-ring-up/direct-link-join-ring-up","34230","7793.212000000001"
"2025-01-09","api/tele-link-ring-up/get-ring-up-cost","46057","7754.963999999999"
"2025-01-09","api/ring-up/in-progress","62477","7279.438000000003"
"2025-01-09","api/tele-link-ring-up/is-connected","132140","7159.883999999998"
"2025-01-09","api/app/banks","4551","6960.485000000002"
"2025-01-09","api/memo/init","104294","6709.403000000003"
"2025-01-09","api/app/schedules/select","18874","6080.561000000001"
"2025-01-09","api/app/guest/pusher-auth/","132152","5894.864999999995"
"2025-01-09","api/employee/get-balance","77218","5779.147000000004"
"2025-01-09","api/employee/get-ring-up-dialog","44355","5558.957999999995"
"2025-01-09","api/app/guest/ring-up/connect","16816","5511.433"
"2025-01-09","api/app/employee/card-request-submission-view-new","6262","5503.366000000003"
"2025-01-09","api/smart-booth/instant-connect-cloud","1440","5463.609"
"2025-01-09","api/app/trainee/check-buttons-availability","83498","4724.866000000001"
"2025-01-09","api/employee/get-notifications","23606","4720.124"
"2025-01-09","api/app/guest/pusher-auth","133109","4637.250999999999"
"2025-01-09","api/app/employee/tele-link-ring-up/is-connected","82353","4509.613000000008"
"2025-01-09","api/app/employee/remind-im-online","31187","4151.622"
"2025-01-09","api/app/employee/text-behind/dimi","92301","4118.428999999999"
"2025-01-09","api/employee/tele-link-keep-alive","95331","4109.578000000019"
"2025-01-09","api/app/employee/card-request-submissions","15831","3924.7499999999964"
"2025-01-09","api/app/tele-link-ring-up/get-ring-up-cost","38943","3907.5520000000024"
"2025-01-09","api/app/guest/ring-up/status","39584","3883.206999999996"
"2025-01-09","api/app/employee/text-behind/list","82100","3718.5950000000007"
"2025-01-09","api/employee/ring-up/settings","44057","3516.985000000001"
"2025-01-09","api/near-by-pay/html-response","15496","3429.4120000000007"
"2025-01-09","api/app/trainee/get-balance","89728","3365.4409999999984"
"2025-01-09","api/tele-link-ring-up/in-progress","48419","3263.778"
"2025-01-09","api/guest/ring-up/connect","9826","3132.2940000000012"
"2025-01-09","api/tele-link-ring-up/","47238","2816.9430000000016"
"2025-01-09","api/app/guest/ring-up/ringing-started","39570","2799.413"
"2025-01-10","api/pusher/webhooks/","427382","212884.0210000001"
"2025-01-10","api/app/memo/read-all","377960","164261.06800000014"
"2025-01-10","api/memo/send","106903","118873.67099999997"
"2025-01-10","api/ring-up/streamrtc/end","112635","90558.77999999993"
"2025-01-10","api/employee/check-pin","164522","81358.59300000015"
"2025-01-10","api/app/employee/chat/chats-list","141782","64146.31999999998"
"2025-01-10","api/app/employee/ring-up/status","354994","46247.69900000002"
"2025-01-10","api/app/guest/chat","313402","43248.14299999996"
"2025-01-10","api/app/guests-by-trainee","153285","41668.72600000002"
"2025-01-10","api/employee/employees-with-guests","143337","40617.27599999999"
"2025-01-10","api/app/employee/schedule/calendar-events","102527","36090.06800000001"
"2025-01-10","api/employee/ring-up/start","64948","33799.59500000001"
"2025-01-10","api/app/employee/keep-alive","53590","29122.956000000002"
"2025-01-10","api/app/guest/terms/v2","156736","28980.61900000005"
"2025-01-10","api/employee/ring-up/status","290443","24368.166000000092"
"2025-01-10","api/app/employees-by-guest","203759","24072.649999999983"
"2025-01-10","api/employee/keep-alive","138573","23752.869000000057"
"2025-01-10","api/tele-link-ring-up/hangup-direct-link-ring-up","108120","22978.316"
"2025-01-10","api/near-by-pay/get-token","10878","22890.833000000002"
"2025-01-10","api/tele-link-ring-up/direct-link-dial","84480","21963.277000000002"
"2025-01-10","api/ring-up/streamrtc/","200216","19641.125999999946"
"2025-01-10","api/ring-up/streamrtc/checkin","367207","18454.591000000062"
"2025-01-10","api/app/employee/check-identifier-new","88762","17179.280000000013"
"2025-01-10","api/employee/check-identifier","89308","16925.938999999995"
"2025-01-10","api/tele-link-ring-up/get-voice-credits","15441","16820.583000000002"
"2025-01-10","api/app/gallery/list/","114593","14486.758000000002"
"2025-01-10","api/app/save-gcm-token","117505","14451.35199999999"
"2025-01-10","api/guest/keep-alive","153479","13755.31500000001"
"2025-01-10","api/ring-up/streamrtc/start","51416","13668.49"
"2025-01-10","api/app/schedules/scheduled","242195","13458.157999999994"
"2025-01-10","api/app/refetch-session/v2","254946","13264.458999999988"
"2025-01-10","api/near-by-pay/callback/confirmation","8179","13059.985999999999"
"2025-01-10","api/station/check","378768","13048.886000000017"
"2025-01-10","api/employee/thread/631141","126552","12013.956999999995"
"2025-01-10","api/memo/invite","22519","11353.542000000003"
"2025-01-10","api/trainee/pusher-auth/","264373","11268.781999999981"
"2025-01-10","api/bank/available","246051","10813.154999999892"
"2025-01-10","api/employee/save-photo","47830","10791.659999999994"
"2025-01-10","api/app/banks/","5045","7906.936999999998"
"2025-01-10","api/tele-link-ring-up/direct-link-join-ring-up","34329","7795.060000000004"
"2025-01-10","api/data-table/ring-ups/admin-playback","9716","7449.296000000001"
"2025-01-10","api/ring-up/ring-up-duration","105278","7338.435999999998"
"2025-01-10","api/tele-link-ring-up/get-ring-up-cost","46627","7207.861000000002"
"2025-01-10","api/ring-up/in-progress","55258","7000.278000000004"
"2025-01-10","api/memo/init","106642","6893.127000000004"
"2025-01-10","api/app/banks","4221","6451.9310000000005"
"2025-01-10","api/app/guest/ring-up/connect","17331","5621.0750000000035"
"2025-01-10","api/employee/get-ring-up-dialog","44790","5603.048999999999"
"2025-01-10","api/app/employee/card-request-submission-view-new","6117","5331.129"
"2025-01-10","api/data-table/admin/manage/guests","480","5065.82"
"2025-01-10","api/app/employee/tele-link-ring-up/is-connected","93227","4945.597"
"2025-01-10","api/app/trainee/check-buttons-availability","85121","4782.638999999998"
"2025-01-10","api/trainee/get-jail-tracker-balance","1236","4734.728"
"2025-01-10","api/employee/get-notifications","22491","4635.0329999999985"
"2025-01-10","api/employee/tele-link-keep-alive","101773","4364.900000000007"
"2025-01-10","api/app/login/","20211","4244.811999999998"
"2025-01-10","api/app/employee/text-behind/dimi","93627","4221.834999999999"
"2025-01-10","api/app/employee/documents","5753","4165.157999999994"
"2025-01-10","api/employee/remind-im-online","31563","4137.847000000001"
"2025-01-10","api/app/guest/ring-up/status","41533","4124.312999999999"
"2025-01-10","api/app/tele-link-ring-up/get-ring-up-cost","41192","4116.271000000004"
"2025-01-10","api/smart-booth/instant-connect-cloud","1440","4042.733000000002"
"2025-01-10","api/app/employee/text-behind/list","83422","3799.023000000004"
"2025-01-10","api/app/employee/card-request-submissions","15081","3796.3740000000016"
"2025-01-10","api/employee/ring-up/settings","44258","3521.5800000000036"
"2025-01-10","api/app/trainee/get-balance","91590","3418.0860000000002"
"2025-01-10","api/smart-booth/instant-connect","1440","3332.341"
"2025-01-10","api/tele-link-ring-up/in-progress","47759","3266.518999999999"
"2025-01-10","api/guest/ring-up/connect","9985","3183.612"
"2025-01-10","api/app/employee/text-behind/list","83422","3799.023000000004"
"2025-01-11","api/pusher/webhooks/","409317","196311.30500000005"
"2025-01-11","api/app/memo/read-all","369335","156381.20700000002"
"2025-01-11","api/memo/send","100914","110985.54100000007"
"2025-01-11","api/ring-up/streamrtc/end","110870","87961.78000000004"
"2025-01-11","api/employee/check-pin","159791","75630.44299999997"
"2025-01-11","api/app/employee/chat/chats-list","134125","61319.024000000034"
"2025-01-11","api/app/employee/ring-up/status","343282","42976.118999999955"
"2025-01-11","api/app/guest/chat","292197","39311.875000000044"
"2025-01-11","api/app/guests-by-trainee","144805","39023.742999999966"
"2025-01-11","api/employee/employees-with-guests","141329","36439.993"
"2025-01-11","api/app/employee/schedule/calendar-events","100384","34411.48399999998"
"2025-01-11","api/employee/ring-up/start","64491","31785.664999999983"
"2025-01-11","api/app/guest/terms/v2","151633","27069.27200000002"
"2025-01-11","api/app/employee/keep-alive","49628","24799.07500000001"
"2025-01-11","api/app/employees-by-guest","195732","22070.129999999965"
"2025-01-11","api/employee/ring-up/status","281945","21737.03200000007"
"2025-01-11","api/tele-link-ring-up/hangup-direct-link-ring-up","102874","20689.325000000015"
"2025-01-11","api/employee/keep-alive","137717","20526.61999999979"
"2025-01-11","api/tele-link-ring-up/direct-link-dial","80038","19979.359999999986"
"2025-01-11","api/near-by-pay/get-token","9575","18974.925"
"2025-01-11","api/ring-up/streamrtc/checkin","361978","17301.59300000007"
"2025-01-11","api/ring-up/streamrtc/","213757","16407.022999999932"
"2025-01-11","api/employee/check-identifier","88137","15805.642999999996"
"2025-01-11","api/app/employee/check-identifier-new","84083","15768.462999999996"
"2025-01-11","api/tele-link-ring-up/get-voice-credits","14240","15352.120999999996"
"2025-01-11","api/app/save-gcm-token","114715","13474.979999999998"
"2025-01-11","api/app/refetch-session/v2","256703","13277.860000000026"
"2025-01-11","api/app/gallery/list/","110101","13223.983000000002"
"2025-01-11","api/trainee/pusher-auth/","316423","12779.815000000004"
"2025-01-11","api/app/schedules/scheduled","236582","12208.939999999995"
"2025-01-11","api/guest/keep-alive","143277","11731.223"
"2025-01-11","api/station/check","359778","11502.11200000001"
"2025-01-11","api/ring-up/streamrtc/start","51136","11481.137000000008"
"2025-01-11","api/employee/thread/631141","123996","11445.763000000006"
"2025-01-11","api/near-by-pay/callback/confirmation","7152","11322.86"
"2025-01-11","api/employee/save-photo","47423","10268.308000000012"
"2025-01-11","api/bank/available","244253","9870.118999999902"
"2025-01-11","api/app/banks/","5175","7982.890999999998"
"2025-01-11","api/tele-link-ring-up/direct-link-join-ring-up","32123","6726.377999999999"
"2025-01-11","api/tele-link-ring-up/is-connected","131739","6509.527999999996"
"2025-01-11","api/tele-link-ring-up/get-ring-up-cost","44013","6382.197999999999"
"2025-01-11","api/memo/init","100669","6116.816999999999"
"2025-01-11","api/app/banks","3799","5666.947999999994"
"2025-01-11","api/app/guest/pusher-auth/","129546","5548.202000000001"
"2025-01-11","api/employee/get-balance","74703","5432.887999999997"
"2025-01-11","api/employee/get-ring-up-dialog","44908","5389.589000000007"
"2025-01-11","api/argus/get-recording","83190","5384.062000000001"
"2025-01-11","api/app/guest/ring-up/connect","17204","4890.256999999998"
"2025-01-11","api/ring-up/ring-up-duration","72617","4862.696999999997"
"2025-01-11","api/app/schedules/select","15565","4689.8550000000005"
"2025-01-11","api/app/trainee/check-buttons-availability","81076","4420.255999999998"
"2025-01-11","api/employee/get-notifications","22672","4329.198999999999"
"2025-01-11","api/app/guest/pusher-auth","129896","4192.958999999996"
"2025-01-11","api/ring-up/in-progress","38108","4122.105999999999"
"2025-01-11","api/app/employee/tele-link-ring-up/is-connected","83693","4108.390000000012"
"2025-01-11","api/employee/remind-im-online","31785","4027.793999999999"
"2025-01-11","api/app/login/","19884","3839.5910000000035"
"2025-01-11","api/app/employee/text-behind/dimi","89368","3820.014000000001"
"2025-01-11","api/app/tele-link-ring-up/get-ring-up-cost","38701","3731.217000000001"
"2025-01-11","api/employee/tele-link-keep-alive","96666","3705.542000000022"
"2025-01-11","api/app/guest/ring-up/status","39941","3539.4609999999952"
"2025-01-11","api/app/employee/documents","5476","3493.7209999999986"
"2025-01-11","api/app/employee/text-behind/list","79282","3455.2779999999952"
"2025-01-11","api/employee/ring-up/settings","44217","3419.7790000000005"
"2025-01-11","api/app/employee/card-request-submission-view-new","3843","3309.983000000002"
"2025-01-11","api/app/trainee/get-balance","87440","3114.678999999999"
"2025-01-11","api/guest/ring-up/connect","9930","2804.126000000002"
"2025-01-11","api/data-table/ring-ups/admin-playback","3679","2792.04"
"2025-01-11","api/app/guest/ring-up/ringing-started","41032","2762.423000000001"
"2025-01-11","api/tele-link-ring-up/","47317","2648.528"
"2025-01-11","api/app/employee/card-request-submissions","10656","2582.5920000000006"
"2025-01-11","api/near-by-pay/html-response","9303","2553.841000000003"
"2025-01-11","api/memo/invite","30397","2466.4680000000008"
"2025-01-11","api/ring-up/streamrtc/grant-direct-link-access","33691","2440.299999999998"
"2025-01-11","api/smart-booth/instant-connect-cloud","1440","2431.0570000000025"
"2025-01-11","api/employee/ring-up/settings/dummy","55501","2370.188"
"2025-01-11","api/app/ring-up/multi-ring-up-events","19283","2177.8820000000005"
"2025-01-11","api/employee/memo/invite","34770","2167.8660000000004"
"2025-01-11","api/app/schedules/select/buckets","2853","2156.014"
"2025-01-11","api/trainee/thread/lookup","22132","2140.0720000000026"
"2025-01-12","api/employee/login/","4579378","1208558.495999963"
"2025-01-12","api/pusher/webhooks/","401472","186939.06699999998"
"2025-01-12","api/app/memo/read-all","366650","148908.0379999999"
"2025-01-12","api/memo/send","94997","97853.20200000008"
"2025-01-12","api/ring-up/streamrtc/end","112874","87950.13899999995"
"2025-01-12","api/employee/","113017","73467.88399999999"
"2025-01-12","api/employee/check-pin","157750","72642.65"
"2025-01-12","api/app/employee/chat/chats_list","133824","58094.37299999998"
"2025-01-12","api/app/employee/ring-up/status","346095","40658.01800000002"
"2025-01-12","api/app/guests-by-trainee","150431","38558.51799999998"
"2025-01-12","api/employee/employees-with-guests","139585","37478.64500000002"
"2025-01-12","api/app/guest/chat","274985","34966.98799999999"
"2025-01-12","api/app/employee/schedule/calendarEvents","98672","30553.31399999999"
"2025-01-12","api/employee/ring-up/start","64155","30281.558000000005"
"2025-01-12","api/app/employee/keep-alive","55254","27866.52999999999"
"2025-01-12","api/app/guest/terms/v2","147403","25918.55000000001"
"2025-01-12","account/logout","2186940","24076.091000000466"
"2025-01-12","api/employee/ring-up/status","302012","22552.801000000047"
"2025-01-12","api/tele-link-call/hangup-direct-link-call","107418","20902.889000000017"
"2025-01-12","api/employee/keep-alive","135150","20407.10399999981"
"2025-01-12","api/app/employees-by-guest","186551","20086.042"
"2025-01-12","api/tele-link-call/direct-link-dial","84269","20039.90600000001"
"2025-01-12","api/near-by-pay/get-token","8684","17396.86100000001"
"2025-01-12","api/ring-up/streamrtc/","216963","16536.205999999936"
"2025-01-12","api/ring-up/streamrtc/checkin","354555","16278.480000000025"
"2025-01-12","api/tele-link-call/get-voice-credits","13952","14953.903999999991"
"2025-01-12","api/app/employee/check-identifier-new","84975","14951.959999999994"
"2025-01-12","api/employee/check-identifier","85331","14767.92300000001"
"2025-01-12","api/app/save-gcm-token","112383","12631.48499999999"
"2025-01-12","api/app/gallery/list/","106174","12568.495999999996"
"2025-01-12","api/guest/keep-alive","150340","12177.400999999998"
"2025-01-12","api/station/check","368485","11440.927000000014"
"2025-01-12","api/app/schedules/scheduled","225139","11184.697999999999"
"2025-01-12","api/app/refetch-session/v2","247711","10740.32499999999"
"2025-01-12","api/employee/thread/631141","120283","10549.628999999999"
"2025-01-12","api/near-by-pay/callback/confirmation","6578","10396.834999999995"
"2025-01-12","api/ring-up/streamrtc/start","50597","10291.370000000004"
"2025-01-12","api/employee/save-photo","47177","9901.024000000007"
"2025-01-12","api/bank/available","239293","9651.986999999923"
"2025-01-12","api/memo/invite","20600","9615.413"
"2025-01-12","api/trainee/pusher-auth/","222055","8403.163000000042"
"2025-01-12","api/app/banks/","4907","7122.561999999999"
"2025-01-12","api/tele-link-call/is-connected","142663","6963.981999999989"
"2025-01-12","api/tele-link-call/direct-link-join-call","32969","6594.542999999998"
"2025-01-12","api/ring-up/call-duration","98661","6251.935999999997"
"2025-01-12","api/tele-link-call/get-call-cost","44684","6187.8089999999975"
"2025-01-12","api/memo/init","94781","5563.275000000003"
"2025-01-12","api/employee/get_balance","76277","5150.398999999999"
"2025-01-12","api/employee/get_call_dialog","45360","5098.638999999999"
"2025-01-12","api/argus/get_recording","78045","4977.389000000005"
"2025-01-12","api/app/guest/pusher-auth/","120011","4942.1359999999995"
"2025-01-12","api/app/banks","3490","4884.275999999995"
"2025-01-12","api/app/employee/tele-link-call/is-connected","97515","4592.691000000013"
"2025-01-12","api/app/guest/call/connect","16783","4447.233"
"2025-01-12","api/employee/get_notifications","24004","4416.4890000000005"
"2025-01-12","api/data-table/calls/admin_playback","4302","4226.303999999999"
"2025-01-12","api/app/trainee/check-buttons-availability","81668","4203.371999999998"
"2025-01-12","api/app/employee/documents","5454","4162.138000000003"
"2025-01-12","api/employee/tele-link_keep-alive","104532","4012.7930000000288"
"2025-01-12","api/app/schedules/select","12062","3995.7769999999964"
"2025-01-12","api/ring-up/in-progress","37590","3988.443"
"2025-01-12","api/app/guest/pusher-auth","123387","3865.9319999999975"
"2025-01-12","api/app/guest/call/status","43720","3821.260999999992"
"2025-01-12","api/employee/remind-im-online","30632","3785.3160000000034"
"2025-01-12","api/app/tele-link-call/get-call-cost","42248","3748.9939999999992"
"2025-01-12","api/app/employee/text-behind/dimi","89992","3630.6179999999963"
"2025-01-12","api/app/login/","19261","3559.097"
"2025-01-12","media/pickup/video.mp4","33490","3402.050000000001"
"2025-01-12","api/app/employee/card-request-submission-view-new","3913","3375.9959999999983"
"2025-01-12","api/app/employee/text-behind/list","79918","3342.2109999999993"
"2025-01-12","pages/api/commissary/generic-phone-interface.php","53900","3297.2099999999978"
"2025-01-12","api/employee/ring-up/settings","44352","3279.3799999999997"
"2025-01-12","api/app/trainee/get_balance","87907","3107.3459999999964"
"2025-01-12","account/login","46161","2867.028999999999"
"2025-01-12","api/tele-link-call/","50371","2754.4049999999984"
"2025-01-12","api/guest/call/connect","10098","2533.2180000000008"
"2025-01-12","operator/employee-form-submissions-view","2406","2510.
